PATH_ls,SAMPLE_ls,REF_Genome_ls,OUTGROUP_ls
/scratch/mit_lieberman/projects/jsb_cuti/all_samples/AllSteps/Mapping,KIT_24F_MG1_H1,SepidermidisATCC12228,0
/scratch/mit_lieberman/projects/jsb_cuti/all_samples/AllSteps/Mapping,KIT_1F_MG1_H2,SepidermidisATCC12228,0
/scratch/mit_lieberman/projects/jsb_cuti/all_samples/AllSteps/Mapping,KIT_93F_MG1_H3,SepidermidisATCC12228,0
/scratch/mit_lieberman/projects/jsb_cuti/all_samples/AllSteps/Mapping,KIT_12F_MG1_H4,SepidermidisATCC12228,0
/scratch/mit_lieberman/projects/jsb_cuti/all_samples/AllSteps/Mapping,KIT_46F_MG1_H5,SepidermidisATCC12228,0
/scratch/mit_lieberman/projects/jsb_cuti/all_samples/AllSteps/Mapping,KIT_61F_MG1_H6,SepidermidisATCC12228,0
/scratch/mit_lieberman/projects/jsb_cuti/all_samples/AllSteps/Mapping,KIT_8F_MG1_H7,SepidermidisATCC12228,0
/scratch/mit_lieberman/projects/jsb_cuti/all_samples/AllSteps/Mapping,KIT_90F_MG1_H8,SepidermidisATCC12228,0
/scratch/mit_lieberman/projects/jsb_cuti/all_samples/AllSteps/Mapping,KIT_83F_MG1_H9,SepidermidisATCC12228,0
/scratch/mit_lieberman/projects/jsb_cuti/all_samples/AllSteps/Mapping,KIT_9F_MG1_H10,SepidermidisATCC12228,0
/scratch/mit_lieberman/projects/jsb_cuti/all_samples/AllSteps/Mapping,KIT_244F_MG1_H11,SepidermidisATCC12228,0
/scratch/mit_lieberman/projects/jsb_cuti/all_samples/AllSteps/Mapping,KIT_63F_MG1_H12,SepidermidisATCC12228,0
/scratch/mit_lieberman/projects/jsb_cuti/all_samples/AllSteps/Mapping,KIT_24N_MG1_G1,SepidermidisATCC12228,0
/scratch/mit_lieberman/projects/jsb_cuti/all_samples/AllSteps/Mapping,KIT_1N_MG1_G2,SepidermidisATCC12228,0
/scratch/mit_lieberman/projects/jsb_cuti/all_samples/AllSteps/Mapping,KIT_93N_MG1_G3,SepidermidisATCC12228,0
/scratch/mit_lieberman/projects/jsb_cuti/all_samples/AllSteps/Mapping,KIT_12N_MG1_G4,SepidermidisATCC12228,0
/scratch/mit_lieberman/projects/jsb_cuti/all_samples/AllSteps/Mapping,KIT_46N_MG1_G5,SepidermidisATCC12228,0
/scratch/mit_lieberman/projects/jsb_cuti/all_samples/AllSteps/Mapping,KIT_61N_MG1_G6,SepidermidisATCC12228,0
/scratch/mit_lieberman/projects/jsb_cuti/all_samples/AllSteps/Mapping,KIT_8N_MG1_G7,SepidermidisATCC12228,0
/scratch/mit_lieberman/projects/jsb_cuti/all_samples/AllSteps/Mapping,KIT_90N_MG1_G8,SepidermidisATCC12228,0
/scratch/mit_lieberman/projects/jsb_cuti/all_samples/AllSteps/Mapping,KIT_83N_MG1_G9,SepidermidisATCC12228,0
/scratch/mit_lieberman/projects/jsb_cuti/all_samples/AllSteps/Mapping,KIT_9N_MG1_G10,SepidermidisATCC12228,0
/scratch/mit_lieberman/projects/jsb_cuti/all_samples/AllSteps/Mapping,KIT_244N_MG1_G11,SepidermidisATCC12228,0
/scratch/mit_lieberman/projects/jsb_cuti/all_samples/AllSteps/Mapping,KIT_63N_MG1_G12,SepidermidisATCC12228,0
/scratch/mit_lieberman/projects/jsb_cuti/all_samples/AllSteps/Mapping,KIT_1K_MG1_F2,SepidermidisATCC12228,0
/scratch/mit_lieberman/projects/jsb_cuti/all_samples/AllSteps/Mapping,KIT_93K_MG1_F3,SepidermidisATCC12228,0
/scratch/mit_lieberman/projects/jsb_cuti/all_samples/AllSteps/Mapping,KIT_12K_MG1_F4,SepidermidisATCC12228,0
/scratch/mit_lieberman/projects/jsb_cuti/all_samples/AllSteps/Mapping,KIT_46K_MG1_F5,SepidermidisATCC12228,0
/scratch/mit_lieberman/projects/jsb_cuti/all_samples/AllSteps/Mapping,KIT_61K_MG1_F6,SepidermidisATCC12228,0
/scratch/mit_lieberman/projects/jsb_cuti/all_samples/AllSteps/Mapping,KIT_8K_MG1_F7,SepidermidisATCC12228,0
/scratch/mit_lieberman/projects/jsb_cuti/all_samples/AllSteps/Mapping,KIT_90K_MG1_F8,SepidermidisATCC12228,0
/scratch/mit_lieberman/projects/jsb_cuti/all_samples/AllSteps/Mapping,KIT_83K_MG1_F9,SepidermidisATCC12228,0
/scratch/mit_lieberman/projects/jsb_cuti/all_samples/AllSteps/Mapping,KIT_9K_MG1_F10,SepidermidisATCC12228,0
/scratch/mit_lieberman/projects/jsb_cuti/all_samples/AllSteps/Mapping,KIT_244K_MG1_F11,SepidermidisATCC12228,0
/scratch/mit_lieberman/projects/jsb_cuti/all_samples/AllSteps/Mapping,KIT_63K_MG1_F12,SepidermidisATCC12228,0
/scratch/mit_lieberman/projects/jsb_cuti/all_samples/AllSteps/Mapping,KIT_1C_MG1_E2,SepidermidisATCC12228,0
/scratch/mit_lieberman/projects/jsb_cuti/all_samples/AllSteps/Mapping,KIT_93C_MG1_E3,SepidermidisATCC12228,0
/scratch/mit_lieberman/projects/jsb_cuti/all_samples/AllSteps/Mapping,KIT_12C_MG1_E4,SepidermidisATCC12228,0
/scratch/mit_lieberman/projects/jsb_cuti/all_samples/AllSteps/Mapping,KIT_46C_MG1_E5,SepidermidisATCC12228,0
/scratch/mit_lieberman/projects/jsb_cuti/all_samples/AllSteps/Mapping,KIT_61C_MG1_E6,SepidermidisATCC12228,0
/scratch/mit_lieberman/projects/jsb_cuti/all_samples/AllSteps/Mapping,KIT_8C_MG1_E7,SepidermidisATCC12228,0
/scratch/mit_lieberman/projects/jsb_cuti/all_samples/AllSteps/Mapping,KIT_90C_MG1_E8,SepidermidisATCC12228,0
/scratch/mit_lieberman/projects/jsb_cuti/all_samples/AllSteps/Mapping,KIT_83C_MG1_E9,SepidermidisATCC12228,0
/scratch/mit_lieberman/projects/jsb_cuti/all_samples/AllSteps/Mapping,KIT_9C_MG1_E10,SepidermidisATCC12228,0
/scratch/mit_lieberman/projects/jsb_cuti/all_samples/AllSteps/Mapping,KIT_244C_MG1_E11,SepidermidisATCC12228,0
/scratch/mit_lieberman/projects/jsb_cuti/all_samples/AllSteps/Mapping,KIT_63C_MG1_E12,SepidermidisATCC12228,0
/scratch/mit_lieberman/projects/jsb_cuti/all_samples/AllSteps/Mapping,KIT_3F_MG1_D2,SepidermidisATCC12228,0
/scratch/mit_lieberman/projects/jsb_cuti/all_samples/AllSteps/Mapping,KIT_95F_MG1_D3,SepidermidisATCC12228,0
/scratch/mit_lieberman/projects/jsb_cuti/all_samples/AllSteps/Mapping,KIT_45F_MG1_D4,SepidermidisATCC12228,0
/scratch/mit_lieberman/projects/jsb_cuti/all_samples/AllSteps/Mapping,KIT_94F_MG1_D5,SepidermidisATCC12228,0
/scratch/mit_lieberman/projects/jsb_cuti/all_samples/AllSteps/Mapping,KIT_65F_MG1_D6,SepidermidisATCC12228,0
/scratch/mit_lieberman/projects/jsb_cuti/all_samples/AllSteps/Mapping,KIT_34F_MG1_D7,SepidermidisATCC12228,0
/scratch/mit_lieberman/projects/jsb_cuti/all_samples/AllSteps/Mapping,KIT_92F_MG1_D8,SepidermidisATCC12228,0
/scratch/mit_lieberman/projects/jsb_cuti/all_samples/AllSteps/Mapping,KIT_96F_MG1_D9,SepidermidisATCC12228,0
/scratch/mit_lieberman/projects/jsb_cuti/all_samples/AllSteps/Mapping,KIT_81F_MG1_D10,SepidermidisATCC12228,0
/scratch/mit_lieberman/projects/jsb_cuti/all_samples/AllSteps/Mapping,KIT_236F_MG1_D11,SepidermidisATCC12228,0
/scratch/mit_lieberman/projects/jsb_cuti/all_samples/AllSteps/Mapping,KIT_49F_MG1_D12,SepidermidisATCC12228,0
/scratch/mit_lieberman/projects/jsb_cuti/all_samples/AllSteps/Mapping,KIT_3N_MG1_C2,SepidermidisATCC12228,0
/scratch/mit_lieberman/projects/jsb_cuti/all_samples/AllSteps/Mapping,KIT_95N_MG1_C3,SepidermidisATCC12228,0
/scratch/mit_lieberman/projects/jsb_cuti/all_samples/AllSteps/Mapping,KIT_45N_MG1_C4,SepidermidisATCC12228,0
/scratch/mit_lieberman/projects/jsb_cuti/all_samples/AllSteps/Mapping,KIT_94N_MG1_C5,SepidermidisATCC12228,0
/scratch/mit_lieberman/projects/jsb_cuti/all_samples/AllSteps/Mapping,KIT_65N_MG1_C6,SepidermidisATCC12228,0
/scratch/mit_lieberman/projects/jsb_cuti/all_samples/AllSteps/Mapping,KIT_34N_MG1_C7,SepidermidisATCC12228,0
/scratch/mit_lieberman/projects/jsb_cuti/all_samples/AllSteps/Mapping,KIT_92N_MG1_C8,SepidermidisATCC12228,0
/scratch/mit_lieberman/projects/jsb_cuti/all_samples/AllSteps/Mapping,KIT_96N_MG1_C9,SepidermidisATCC12228,0
/scratch/mit_lieberman/projects/jsb_cuti/all_samples/AllSteps/Mapping,KIT_81N_MG1_C10,SepidermidisATCC12228,0
/scratch/mit_lieberman/projects/jsb_cuti/all_samples/AllSteps/Mapping,KIT_236N_MG1_C11,SepidermidisATCC12228,0
/scratch/mit_lieberman/projects/jsb_cuti/all_samples/AllSteps/Mapping,KIT_49N_MG1_C12,SepidermidisATCC12228,0
/scratch/mit_lieberman/projects/jsb_cuti/all_samples/AllSteps/Mapping,KIT_3K_MG1_B2,SepidermidisATCC12228,0
/scratch/mit_lieberman/projects/jsb_cuti/all_samples/AllSteps/Mapping,KIT_95K_MG1_B3,SepidermidisATCC12228,0
/scratch/mit_lieberman/projects/jsb_cuti/all_samples/AllSteps/Mapping,KIT_45K_MG1_B4,SepidermidisATCC12228,0
/scratch/mit_lieberman/projects/jsb_cuti/all_samples/AllSteps/Mapping,KIT_94K_MG1_B5,SepidermidisATCC12228,0
/scratch/mit_lieberman/projects/jsb_cuti/all_samples/AllSteps/Mapping,KIT_65K_MG1_B6,SepidermidisATCC12228,0
/scratch/mit_lieberman/projects/jsb_cuti/all_samples/AllSteps/Mapping,KIT_34K_MG1_B7,SepidermidisATCC12228,0
/scratch/mit_lieberman/projects/jsb_cuti/all_samples/AllSteps/Mapping,KIT_92K_MG1_B8,SepidermidisATCC12228,0
/scratch/mit_lieberman/projects/jsb_cuti/all_samples/AllSteps/Mapping,KIT_96MK_MG1_B9,SepidermidisATCC12228,0
/scratch/mit_lieberman/projects/jsb_cuti/all_samples/AllSteps/Mapping,KIT_81K_MG1_B10,SepidermidisATCC12228,0
/scratch/mit_lieberman/projects/jsb_cuti/all_samples/AllSteps/Mapping,KIT_236K_MG1_B11,SepidermidisATCC12228,0
/scratch/mit_lieberman/projects/jsb_cuti/all_samples/AllSteps/Mapping,KIT_49K_MG1_B12,SepidermidisATCC12228,0
/scratch/mit_lieberman/projects/jsb_cuti/all_samples/AllSteps/Mapping,KIT_3C_MG1_A2,SepidermidisATCC12228,0
/scratch/mit_lieberman/projects/jsb_cuti/all_samples/AllSteps/Mapping,KIT_95C_MG1_A3,SepidermidisATCC12228,0
/scratch/mit_lieberman/projects/jsb_cuti/all_samples/AllSteps/Mapping,KIT_45C_MG1_A4,SepidermidisATCC12228,0
/scratch/mit_lieberman/projects/jsb_cuti/all_samples/AllSteps/Mapping,KIT_94C_MG1_A5,SepidermidisATCC12228,0
/scratch/mit_lieberman/projects/jsb_cuti/all_samples/AllSteps/Mapping,KIT_65C_MG1_A6,SepidermidisATCC12228,0
/scratch/mit_lieberman/projects/jsb_cuti/all_samples/AllSteps/Mapping,KIT_34C_MG1_A7,SepidermidisATCC12228,0
/scratch/mit_lieberman/projects/jsb_cuti/all_samples/AllSteps/Mapping,KIT_92C_MG1_A8,SepidermidisATCC12228,0
/scratch/mit_lieberman/projects/jsb_cuti/all_samples/AllSteps/Mapping,KIT_96C_MG1_A9,SepidermidisATCC12228,0
/scratch/mit_lieberman/projects/jsb_cuti/all_samples/AllSteps/Mapping,KIT_81C_MG1_A10,SepidermidisATCC12228,0
/scratch/mit_lieberman/projects/jsb_cuti/all_samples/AllSteps/Mapping,KIT_236C_MG1_A11,SepidermidisATCC12228,0
/scratch/mit_lieberman/projects/jsb_cuti/all_samples/AllSteps/Mapping,KIT_49C_MG1_A12,SepidermidisATCC12228,0
/scratch/mit_lieberman/projects/jsb_cuti/all_samples/AllSteps/Mapping,KIT_63F_MG2_H1,SepidermidisATCC12228,0
/scratch/mit_lieberman/projects/jsb_cuti/all_samples/AllSteps/Mapping,KIT_4F_MG2_H2,SepidermidisATCC12228,0
/scratch/mit_lieberman/projects/jsb_cuti/all_samples/AllSteps/Mapping,KIT_60F_MG2_H3,SepidermidisATCC12228,0
/scratch/mit_lieberman/projects/jsb_cuti/all_samples/AllSteps/Mapping,KIT_38F_MG2_H4,SepidermidisATCC12228,0
/scratch/mit_lieberman/projects/jsb_cuti/all_samples/AllSteps/Mapping,KIT_21F_MG2_H5,SepidermidisATCC12228,0
/scratch/mit_lieberman/projects/jsb_cuti/all_samples/AllSteps/Mapping,KIT_249F_MG2_H6,SepidermidisATCC12228,0
/scratch/mit_lieberman/projects/jsb_cuti/all_samples/AllSteps/Mapping,KIT_41F_MG2_H8,SepidermidisATCC12228,0
/scratch/mit_lieberman/projects/jsb_cuti/all_samples/AllSteps/Mapping,KIT_65RF_MG2_H9,SepidermidisATCC12228,0
/scratch/mit_lieberman/projects/jsb_cuti/all_samples/AllSteps/Mapping,KIT_53F_MG2_H10,SepidermidisATCC12228,0
/scratch/mit_lieberman/projects/jsb_cuti/all_samples/AllSteps/Mapping,KIT_UNKNOWN_H11_MG2_H11,SepidermidisATCC12228,0
/scratch/mit_lieberman/projects/jsb_cuti/all_samples/AllSteps/Mapping,KIT_UNKNOWN_H12_MG2_H12,SepidermidisATCC12228,0
/scratch/mit_lieberman/projects/jsb_cuti/all_samples/AllSteps/Mapping,KIT_63N_MG2_G1,SepidermidisATCC12228,0
/scratch/mit_lieberman/projects/jsb_cuti/all_samples/AllSteps/Mapping,KIT_4N_MG2_G2,SepidermidisATCC12228,0
/scratch/mit_lieberman/projects/jsb_cuti/all_samples/AllSteps/Mapping,KIT_60N_MG2_G3,SepidermidisATCC12228,0
/scratch/mit_lieberman/projects/jsb_cuti/all_samples/AllSteps/Mapping,KIT_38N_MG2_G4,SepidermidisATCC12228,0
/scratch/mit_lieberman/projects/jsb_cuti/all_samples/AllSteps/Mapping,KIT_21N_MG2_G5,SepidermidisATCC12228,0
/scratch/mit_lieberman/projects/jsb_cuti/all_samples/AllSteps/Mapping,KIT_249N_MG2_G6,SepidermidisATCC12228,0
/scratch/mit_lieberman/projects/jsb_cuti/all_samples/AllSteps/Mapping,KIT_41N_MG2_G8,SepidermidisATCC12228,0
/scratch/mit_lieberman/projects/jsb_cuti/all_samples/AllSteps/Mapping,KIT_65RN_MG2_G9,SepidermidisATCC12228,0
/scratch/mit_lieberman/projects/jsb_cuti/all_samples/AllSteps/Mapping,KIT_53N_MG2_G10,SepidermidisATCC12228,0
/scratch/mit_lieberman/projects/jsb_cuti/all_samples/AllSteps/Mapping,KIT_UNKNOWN_G11_MG2_G11,SepidermidisATCC12228,0
/scratch/mit_lieberman/projects/jsb_cuti/all_samples/AllSteps/Mapping,KIT_UNKNOWN_G12_MG2_G12,SepidermidisATCC12228,0
/scratch/mit_lieberman/projects/jsb_cuti/all_samples/AllSteps/Mapping,KIT_63K_MG2_F1,SepidermidisATCC12228,0
/scratch/mit_lieberman/projects/jsb_cuti/all_samples/AllSteps/Mapping,KIT_4K_MG2_F2,SepidermidisATCC12228,0
/scratch/mit_lieberman/projects/jsb_cuti/all_samples/AllSteps/Mapping,KIT_60K_MG2_F3,SepidermidisATCC12228,0
/scratch/mit_lieberman/projects/jsb_cuti/all_samples/AllSteps/Mapping,KIT_38K_MG2_F4,SepidermidisATCC12228,0
/scratch/mit_lieberman/projects/jsb_cuti/all_samples/AllSteps/Mapping,KIT_21K_MG2_F5,SepidermidisATCC12228,0
/scratch/mit_lieberman/projects/jsb_cuti/all_samples/AllSteps/Mapping,KIT_249K_MG2_F6,SepidermidisATCC12228,0
/scratch/mit_lieberman/projects/jsb_cuti/all_samples/AllSteps/Mapping,KIT_41K_MG2_F8,SepidermidisATCC12228,0
/scratch/mit_lieberman/projects/jsb_cuti/all_samples/AllSteps/Mapping,KIT_65RK_MG2_F9,SepidermidisATCC12228,0
/scratch/mit_lieberman/projects/jsb_cuti/all_samples/AllSteps/Mapping,KIT_53K_MG2_F10,SepidermidisATCC12228,0
/scratch/mit_lieberman/projects/jsb_cuti/all_samples/AllSteps/Mapping,KIT_UNKNOWN_F11_MG2_F11,SepidermidisATCC12228,0
/scratch/mit_lieberman/projects/jsb_cuti/all_samples/AllSteps/Mapping,KIT_UNKNOWN_F12_MG2_F12,SepidermidisATCC12228,0
/scratch/mit_lieberman/projects/jsb_cuti/all_samples/AllSteps/Mapping,KIT_63C_MG2_E1,SepidermidisATCC12228,0
/scratch/mit_lieberman/projects/jsb_cuti/all_samples/AllSteps/Mapping,KIT_4C_MG2_E2,SepidermidisATCC12228,0
/scratch/mit_lieberman/projects/jsb_cuti/all_samples/AllSteps/Mapping,KIT_60C_MG2_E3,SepidermidisATCC12228,0
/scratch/mit_lieberman/projects/jsb_cuti/all_samples/AllSteps/Mapping,KIT_38C_MG2_E4,SepidermidisATCC12228,0
/scratch/mit_lieberman/projects/jsb_cuti/all_samples/AllSteps/Mapping,KIT_21MC_MG2_E5,SepidermidisATCC12228,0
/scratch/mit_lieberman/projects/jsb_cuti/all_samples/AllSteps/Mapping,KIT_249C_MG2_E6,SepidermidisATCC12228,0
/scratch/mit_lieberman/projects/jsb_cuti/all_samples/AllSteps/Mapping,KIT_41C_MG2_E8,SepidermidisATCC12228,0
/scratch/mit_lieberman/projects/jsb_cuti/all_samples/AllSteps/Mapping,KIT_65RC_MG2_E9,SepidermidisATCC12228,0
/scratch/mit_lieberman/projects/jsb_cuti/all_samples/AllSteps/Mapping,KIT_53C_MG2_E10,SepidermidisATCC12228,0
/scratch/mit_lieberman/projects/jsb_cuti/all_samples/AllSteps/Mapping,KIT_UNKNOWN_E11_MG2_E11,SepidermidisATCC12228,0
/scratch/mit_lieberman/projects/jsb_cuti/all_samples/AllSteps/Mapping,KIT_UNKNOWN_E12_MG2_E12,SepidermidisATCC12228,0
/scratch/mit_lieberman/projects/jsb_cuti/all_samples/AllSteps/Mapping,KIT_69F_MG2_D1,SepidermidisATCC12228,0
/scratch/mit_lieberman/projects/jsb_cuti/all_samples/AllSteps/Mapping,KIT_66F_MG2_D2,SepidermidisATCC12228,0
/scratch/mit_lieberman/projects/jsb_cuti/all_samples/AllSteps/Mapping,KIT_17F_MG2_D3,SepidermidisATCC12228,0
/scratch/mit_lieberman/projects/jsb_cuti/all_samples/AllSteps/Mapping,KIT_54F_OR_12F_MG2_D4,SepidermidisATCC12228,0
/scratch/mit_lieberman/projects/jsb_cuti/all_samples/AllSteps/Mapping,KIT_250F_MG2_D5,SepidermidisATCC12228,0
/scratch/mit_lieberman/projects/jsb_cuti/all_samples/AllSteps/Mapping,KIT_240F_MG2_D6,SepidermidisATCC12228,0
/scratch/mit_lieberman/projects/jsb_cuti/all_samples/AllSteps/Mapping,KIT_72F_MG2_D8,SepidermidisATCC12228,0
/scratch/mit_lieberman/projects/jsb_cuti/all_samples/AllSteps/Mapping,KIT_65F_MG2_D9,SepidermidisATCC12228,0
/scratch/mit_lieberman/projects/jsb_cuti/all_samples/AllSteps/Mapping,KIT_100F_MG2_D10,SepidermidisATCC12228,0
/scratch/mit_lieberman/projects/jsb_cuti/all_samples/AllSteps/Mapping,KIT_UNKNOWN_D11_MG2_D11,SepidermidisATCC12228,0
/scratch/mit_lieberman/projects/jsb_cuti/all_samples/AllSteps/Mapping,KIT_UNKNOWN_D12_MG2_D12,SepidermidisATCC12228,0
/scratch/mit_lieberman/projects/jsb_cuti/all_samples/AllSteps/Mapping,KIT_69N_MG2_C1,SepidermidisATCC12228,0
/scratch/mit_lieberman/projects/jsb_cuti/all_samples/AllSteps/Mapping,KIT_66N_MG2_C2,SepidermidisATCC12228,0
/scratch/mit_lieberman/projects/jsb_cuti/all_samples/AllSteps/Mapping,KIT_17N_MG2_C3,SepidermidisATCC12228,0
/scratch/mit_lieberman/projects/jsb_cuti/all_samples/AllSteps/Mapping,KIT_54N_OR_12N_MG2_C4,SepidermidisATCC12228,0
/scratch/mit_lieberman/projects/jsb_cuti/all_samples/AllSteps/Mapping,KIT_250N_MG2_C5,SepidermidisATCC12228,0
/scratch/mit_lieberman/projects/jsb_cuti/all_samples/AllSteps/Mapping,KIT_240N_MG2_C6,SepidermidisATCC12228,0
/scratch/mit_lieberman/projects/jsb_cuti/all_samples/AllSteps/Mapping,KIT_72N_MG2_C8,SepidermidisATCC12228,0
/scratch/mit_lieberman/projects/jsb_cuti/all_samples/AllSteps/Mapping,KIT_65N_MG2_C9,SepidermidisATCC12228,0
/scratch/mit_lieberman/projects/jsb_cuti/all_samples/AllSteps/Mapping,KIT_100N_MG2_C10,SepidermidisATCC12228,0
/scratch/mit_lieberman/projects/jsb_cuti/all_samples/AllSteps/Mapping,KIT_UNKNOWN_C11_MG2_C11,SepidermidisATCC12228,0
/scratch/mit_lieberman/projects/jsb_cuti/all_samples/AllSteps/Mapping,KIT_UNKNOWN_C12_MG2_C12,SepidermidisATCC12228,0
/scratch/mit_lieberman/projects/jsb_cuti/all_samples/AllSteps/Mapping,KIT_69K_MG2_B1,SepidermidisATCC12228,0
/scratch/mit_lieberman/projects/jsb_cuti/all_samples/AllSteps/Mapping,KIT_66K_MG2_B2,SepidermidisATCC12228,0
/scratch/mit_lieberman/projects/jsb_cuti/all_samples/AllSteps/Mapping,KIT_17K_MG2_B3,SepidermidisATCC12228,0
/scratch/mit_lieberman/projects/jsb_cuti/all_samples/AllSteps/Mapping,KIT_54K_OR_12K_MG2_B4,SepidermidisATCC12228,0
/scratch/mit_lieberman/projects/jsb_cuti/all_samples/AllSteps/Mapping,KIT_250K_MG2_B5,SepidermidisATCC12228,0
/scratch/mit_lieberman/projects/jsb_cuti/all_samples/AllSteps/Mapping,KIT_240K_MG2_B6,SepidermidisATCC12228,0
/scratch/mit_lieberman/projects/jsb_cuti/all_samples/AllSteps/Mapping,KIT_228MK_MG2_B7,SepidermidisATCC12228,0
/scratch/mit_lieberman/projects/jsb_cuti/all_samples/AllSteps/Mapping,KIT_72K_MG2_B8,SepidermidisATCC12228,0
/scratch/mit_lieberman/projects/jsb_cuti/all_samples/AllSteps/Mapping,KIT_65K_MG2_B9,SepidermidisATCC12228,0
/scratch/mit_lieberman/projects/jsb_cuti/all_samples/AllSteps/Mapping,KIT_100K_MG2_B10,SepidermidisATCC12228,0
/scratch/mit_lieberman/projects/jsb_cuti/all_samples/AllSteps/Mapping,KIT_UNKNOWN_B11_MG2_B11,SepidermidisATCC12228,0
/scratch/mit_lieberman/projects/jsb_cuti/all_samples/AllSteps/Mapping,KIT_UNKNOWN_B12_MG2_B12,SepidermidisATCC12228,0
/scratch/mit_lieberman/projects/jsb_cuti/all_samples/AllSteps/Mapping,KIT_69C_MG2_A1,SepidermidisATCC12228,0
/scratch/mit_lieberman/projects/jsb_cuti/all_samples/AllSteps/Mapping,KIT_66C_MG2_A2,SepidermidisATCC12228,0
/scratch/mit_lieberman/projects/jsb_cuti/all_samples/AllSteps/Mapping,KIT_17C_MG2_A3,SepidermidisATCC12228,0
/scratch/mit_lieberman/projects/jsb_cuti/all_samples/AllSteps/Mapping,KIT_54C_OR_12C_MG2_A4,SepidermidisATCC12228,0
/scratch/mit_lieberman/projects/jsb_cuti/all_samples/AllSteps/Mapping,KIT_250C_MG2_A5,SepidermidisATCC12228,0
/scratch/mit_lieberman/projects/jsb_cuti/all_samples/AllSteps/Mapping,KIT_240C_MG2_A6,SepidermidisATCC12228,0
/scratch/mit_lieberman/projects/jsb_cuti/all_samples/AllSteps/Mapping,KIT_228MC_MG2_A7,SepidermidisATCC12228,0
/scratch/mit_lieberman/projects/jsb_cuti/all_samples/AllSteps/Mapping,KIT_72C_MG2_A8,SepidermidisATCC12228,0
/scratch/mit_lieberman/projects/jsb_cuti/all_samples/AllSteps/Mapping,KIT_65C_MG2_A9,SepidermidisATCC12228,0
/scratch/mit_lieberman/projects/jsb_cuti/all_samples/AllSteps/Mapping,KIT_100C_MG2_A10,SepidermidisATCC12228,0
/scratch/mit_lieberman/projects/jsb_cuti/all_samples/AllSteps/Mapping,KIT_UNKNOWN_A11_MG2_A11,SepidermidisATCC12228,0
/scratch/mit_lieberman/projects/jsb_cuti/all_samples/AllSteps/Mapping,KIT_UNKNOWN_A12_MG2_A12,SepidermidisATCC12228,0
/scratch/mit_lieberman/projects/jsb_cuti/all_samples/AllSteps/Mapping,KIT_246F_MG3_H1,SepidermidisATCC12228,0
/scratch/mit_lieberman/projects/jsb_cuti/all_samples/AllSteps/Mapping,KIT_247F_MG3_H2,SepidermidisATCC12228,0
/scratch/mit_lieberman/projects/jsb_cuti/all_samples/AllSteps/Mapping,KIT_254F_MG3_H3,SepidermidisATCC12228,0
/scratch/mit_lieberman/projects/jsb_cuti/all_samples/AllSteps/Mapping,KIT_75F_MG3_H4,SepidermidisATCC12228,0
/scratch/mit_lieberman/projects/jsb_cuti/all_samples/AllSteps/Mapping,KIT_233F_MG3_H5,SepidermidisATCC12228,0
/scratch/mit_lieberman/projects/jsb_cuti/all_samples/AllSteps/Mapping,KIT_218F_MG3_H6,SepidermidisATCC12228,0
/scratch/mit_lieberman/projects/jsb_cuti/all_samples/AllSteps/Mapping,KIT_24KF_MG3_H7,SepidermidisATCC12228,0
/scratch/mit_lieberman/projects/jsb_cuti/all_samples/AllSteps/Mapping,KIT_248F_MG3_H8,SepidermidisATCC12228,0
/scratch/mit_lieberman/projects/jsb_cuti/all_samples/AllSteps/Mapping,KIT_BLANK_MG3_H12,SepidermidisATCC12228,0
/scratch/mit_lieberman/projects/jsb_cuti/all_samples/AllSteps/Mapping,KIT_246N_MG3_G1,SepidermidisATCC12228,0
/scratch/mit_lieberman/projects/jsb_cuti/all_samples/AllSteps/Mapping,KIT_247N_MG3_G2,SepidermidisATCC12228,0
/scratch/mit_lieberman/projects/jsb_cuti/all_samples/AllSteps/Mapping,KIT_254N_MG3_G3,SepidermidisATCC12228,0
/scratch/mit_lieberman/projects/jsb_cuti/all_samples/AllSteps/Mapping,KIT_75N_MG3_G4,SepidermidisATCC12228,0
/scratch/mit_lieberman/projects/jsb_cuti/all_samples/AllSteps/Mapping,KIT_233N_MG3_G5,SepidermidisATCC12228,0
/scratch/mit_lieberman/projects/jsb_cuti/all_samples/AllSteps/Mapping,KIT_218N_MG3_G6,SepidermidisATCC12228,0
/scratch/mit_lieberman/projects/jsb_cuti/all_samples/AllSteps/Mapping,KIT_24CN_MG3_G7,SepidermidisATCC12228,0
/scratch/mit_lieberman/projects/jsb_cuti/all_samples/AllSteps/Mapping,KIT_248N_MG3_G8,SepidermidisATCC12228,0
/scratch/mit_lieberman/projects/jsb_cuti/all_samples/AllSteps/Mapping,KIT_BLANK_MG3_G12,SepidermidisATCC12228,0
/scratch/mit_lieberman/projects/jsb_cuti/all_samples/AllSteps/Mapping,KIT_246K_MG3_F1,SepidermidisATCC12228,0
/scratch/mit_lieberman/projects/jsb_cuti/all_samples/AllSteps/Mapping,KIT_247K_MG3_F2,SepidermidisATCC12228,0
/scratch/mit_lieberman/projects/jsb_cuti/all_samples/AllSteps/Mapping,KIT_254K_MG3_F3,SepidermidisATCC12228,0
/scratch/mit_lieberman/projects/jsb_cuti/all_samples/AllSteps/Mapping,KIT_75K_MG3_F4,SepidermidisATCC12228,0
/scratch/mit_lieberman/projects/jsb_cuti/all_samples/AllSteps/Mapping,KIT_233K_MG3_F5,SepidermidisATCC12228,0
/scratch/mit_lieberman/projects/jsb_cuti/all_samples/AllSteps/Mapping,KIT_218K_MG3_F6,SepidermidisATCC12228,0
/scratch/mit_lieberman/projects/jsb_cuti/all_samples/AllSteps/Mapping,KIT_30MK_MG3_F7,SepidermidisATCC12228,0
/scratch/mit_lieberman/projects/jsb_cuti/all_samples/AllSteps/Mapping,KIT_228K_MG3_F8,SepidermidisATCC12228,0
/scratch/mit_lieberman/projects/jsb_cuti/all_samples/AllSteps/Mapping,KIT_246C_MG3_E1,SepidermidisATCC12228,0
/scratch/mit_lieberman/projects/jsb_cuti/all_samples/AllSteps/Mapping,KIT_247C_MG3_E2,SepidermidisATCC12228,0
/scratch/mit_lieberman/projects/jsb_cuti/all_samples/AllSteps/Mapping,KIT_254C_MG3_E3,SepidermidisATCC12228,0
/scratch/mit_lieberman/projects/jsb_cuti/all_samples/AllSteps/Mapping,KIT_75C_MG3_E4,SepidermidisATCC12228,0
/scratch/mit_lieberman/projects/jsb_cuti/all_samples/AllSteps/Mapping,KIT_233C_MG3_E5,SepidermidisATCC12228,0
/scratch/mit_lieberman/projects/jsb_cuti/all_samples/AllSteps/Mapping,KIT_218C_MG3_E6,SepidermidisATCC12228,0
/scratch/mit_lieberman/projects/jsb_cuti/all_samples/AllSteps/Mapping,KIT_30C_MG3_E7,SepidermidisATCC12228,0
/scratch/mit_lieberman/projects/jsb_cuti/all_samples/AllSteps/Mapping,KIT_228C_MG3_E8,SepidermidisATCC12228,0
/scratch/mit_lieberman/projects/jsb_cuti/all_samples/AllSteps/Mapping,KIT_BLANK_MG3_E9,SepidermidisATCC12228,0
/scratch/mit_lieberman/projects/jsb_cuti/all_samples/AllSteps/Mapping,KIT_213F_MG3_D1,SepidermidisATCC12228,0
/scratch/mit_lieberman/projects/jsb_cuti/all_samples/AllSteps/Mapping,KIT_88F_MG3_D2,SepidermidisATCC12228,0
/scratch/mit_lieberman/projects/jsb_cuti/all_samples/AllSteps/Mapping,KIT_79F_MG3_D3,SepidermidisATCC12228,0
/scratch/mit_lieberman/projects/jsb_cuti/all_samples/AllSteps/Mapping,KIT_BLANK_D4_MG3_D4,SepidermidisATCC12228,0
/scratch/mit_lieberman/projects/jsb_cuti/all_samples/AllSteps/Mapping,KIT_237F_MG3_D5,SepidermidisATCC12228,0
/scratch/mit_lieberman/projects/jsb_cuti/all_samples/AllSteps/Mapping,KIT_76F_MG3_D6,SepidermidisATCC12228,0
/scratch/mit_lieberman/projects/jsb_cuti/all_samples/AllSteps/Mapping,KIT_30F_MG3_D7,SepidermidisATCC12228,0
/scratch/mit_lieberman/projects/jsb_cuti/all_samples/AllSteps/Mapping,KIT_213N_MG3_C1,SepidermidisATCC12228,0
/scratch/mit_lieberman/projects/jsb_cuti/all_samples/AllSteps/Mapping,KIT_88N_MG3_C2,SepidermidisATCC12228,0
/scratch/mit_lieberman/projects/jsb_cuti/all_samples/AllSteps/Mapping,KIT_79N_MG3_C3,SepidermidisATCC12228,0
/scratch/mit_lieberman/projects/jsb_cuti/all_samples/AllSteps/Mapping,KIT_BLANK_C4_MG3_C4,SepidermidisATCC12228,0
/scratch/mit_lieberman/projects/jsb_cuti/all_samples/AllSteps/Mapping,KIT_237N_MG3_C5,SepidermidisATCC12228,0
/scratch/mit_lieberman/projects/jsb_cuti/all_samples/AllSteps/Mapping,KIT_76N_MG3_C6,SepidermidisATCC12228,0
/scratch/mit_lieberman/projects/jsb_cuti/all_samples/AllSteps/Mapping,KIT_30N_MG3_C7,SepidermidisATCC12228,0
/scratch/mit_lieberman/projects/jsb_cuti/all_samples/AllSteps/Mapping,KIT_213K_MG3_B1,SepidermidisATCC12228,0
/scratch/mit_lieberman/projects/jsb_cuti/all_samples/AllSteps/Mapping,KIT_88K_MG3_B2,SepidermidisATCC12228,0
/scratch/mit_lieberman/projects/jsb_cuti/all_samples/AllSteps/Mapping,KIT_79K_MG3_B3,SepidermidisATCC12228,0
/scratch/mit_lieberman/projects/jsb_cuti/all_samples/AllSteps/Mapping,KIT_BLANK_B4_MG3_B4,SepidermidisATCC12228,0
/scratch/mit_lieberman/projects/jsb_cuti/all_samples/AllSteps/Mapping,KIT_237K_MG3_B5,SepidermidisATCC12228,0
/scratch/mit_lieberman/projects/jsb_cuti/all_samples/AllSteps/Mapping,KIT_76K_MG3_B6,SepidermidisATCC12228,0
/scratch/mit_lieberman/projects/jsb_cuti/all_samples/AllSteps/Mapping,KIT_248K_MG3_B7,SepidermidisATCC12228,0
/scratch/mit_lieberman/projects/jsb_cuti/all_samples/AllSteps/Mapping,KIT_213C_MG3_A1,SepidermidisATCC12228,0
/scratch/mit_lieberman/projects/jsb_cuti/all_samples/AllSteps/Mapping,KIT_88C_MG3_A2,SepidermidisATCC12228,0
/scratch/mit_lieberman/projects/jsb_cuti/all_samples/AllSteps/Mapping,KIT_79C_MG3_A3,SepidermidisATCC12228,0
/scratch/mit_lieberman/projects/jsb_cuti/all_samples/AllSteps/Mapping,KIT_BLANK_A4_MG3_A4,SepidermidisATCC12228,0
/scratch/mit_lieberman/projects/jsb_cuti/all_samples/AllSteps/Mapping,KIT_237C_MG3_A5,SepidermidisATCC12228,0
/scratch/mit_lieberman/projects/jsb_cuti/all_samples/AllSteps/Mapping,KIT_76C_MG3_A6,SepidermidisATCC12228,0
/scratch/mit_lieberman/projects/jsb_cuti/all_samples/AllSteps/Mapping,KIT_248C_MG3_A7,SepidermidisATCC12228,0
/scratch/mit_lieberman/projects/jsb_cuti/all_samples/AllSteps/Mapping,KIT_BLANK_MG3_A8,SepidermidisATCC12228,0
/scratch/mit_lieberman/projects/jsb_cuti/all_samples/AllSteps/Mapping,KIT_303K_MG4_A1,SepidermidisATCC12228,0
/scratch/mit_lieberman/projects/jsb_cuti/all_samples/AllSteps/Mapping,KIT_303N_MG4_B1,SepidermidisATCC12228,0
/scratch/mit_lieberman/projects/jsb_cuti/all_samples/AllSteps/Mapping,KIT_303F_MG4_C1,SepidermidisATCC12228,0
/scratch/mit_lieberman/projects/jsb_cuti/all_samples/AllSteps/Mapping,KIT_221A_MG4_D1,SepidermidisATCC12228,0
/scratch/mit_lieberman/projects/jsb_cuti/all_samples/AllSteps/Mapping,KIT_221C_MG4_E1,SepidermidisATCC12228,0
/scratch/mit_lieberman/projects/jsb_cuti/all_samples/AllSteps/Mapping,KIT_221K_MG4_F1,SepidermidisATCC12228,0
/scratch/mit_lieberman/projects/jsb_cuti/all_samples/AllSteps/Mapping,KIT_221N_MG4_G1,SepidermidisATCC12228,0
/scratch/mit_lieberman/projects/jsb_cuti/all_samples/AllSteps/Mapping,KIT_221F_MG4_H1,SepidermidisATCC12228,0
/scratch/mit_lieberman/projects/jsb_cuti/all_samples/AllSteps/Mapping,KIT_21N_MG4_A2,SepidermidisATCC12228,0
/scratch/mit_lieberman/projects/jsb_cuti/all_samples/AllSteps/Mapping,KIT_21F_MG4_B2,SepidermidisATCC12228,0
/scratch/mit_lieberman/projects/jsb_cuti/all_samples/AllSteps/Mapping,KIT_69C_MG4_C2,SepidermidisATCC12228,0
/scratch/mit_lieberman/projects/jsb_cuti/all_samples/AllSteps/Mapping,KIT_69K_MG4_D2,SepidermidisATCC12228,0
/scratch/mit_lieberman/projects/jsb_cuti/all_samples/AllSteps/Mapping,KIT_69N_MG4_E2,SepidermidisATCC12228,0
/scratch/mit_lieberman/projects/jsb_cuti/all_samples/AllSteps/Mapping,KIT_69F_MG4_F2,SepidermidisATCC12228,0
/scratch/mit_lieberman/projects/jsb_cuti/all_samples/AllSteps/Mapping,KIT_303A_MG4_G2,SepidermidisATCC12228,0
/scratch/mit_lieberman/projects/jsb_cuti/all_samples/AllSteps/Mapping,KIT_303C_MG4_H2,SepidermidisATCC12228,0
/scratch/mit_lieberman/projects/jsb_cuti/all_samples/AllSteps/Mapping,KIT_53C_MG4_A3,SepidermidisATCC12228,0
/scratch/mit_lieberman/projects/jsb_cuti/all_samples/AllSteps/Mapping,KIT_53K_MG4_B3,SepidermidisATCC12228,0
/scratch/mit_lieberman/projects/jsb_cuti/all_samples/AllSteps/Mapping,KIT_53N_MG4_C3,SepidermidisATCC12228,0
/scratch/mit_lieberman/projects/jsb_cuti/all_samples/AllSteps/Mapping,KIT_53F_MG4_D3,SepidermidisATCC12228,0
/scratch/mit_lieberman/projects/jsb_cuti/all_samples/AllSteps/Mapping,KIT_72C_MG4_E3,SepidermidisATCC12228,0
/scratch/mit_lieberman/projects/jsb_cuti/all_samples/AllSteps/Mapping,KIT_72K_MG4_F3,SepidermidisATCC12228,0
/scratch/mit_lieberman/projects/jsb_cuti/all_samples/AllSteps/Mapping,KIT_72N_MG4_G3,SepidermidisATCC12228,0
/scratch/mit_lieberman/projects/jsb_cuti/all_samples/AllSteps/Mapping,KIT_72F_MG4_H3,SepidermidisATCC12228,0
/scratch/mit_lieberman/projects/jsb_cuti/all_samples/AllSteps/Mapping,KIT_79C_MG4_A4,SepidermidisATCC12228,0
/scratch/mit_lieberman/projects/jsb_cuti/all_samples/AllSteps/Mapping,KIT_79K_MG4_B4,SepidermidisATCC12228,0
/scratch/mit_lieberman/projects/jsb_cuti/all_samples/AllSteps/Mapping,KIT_79N_MG4_C4,SepidermidisATCC12228,0
/scratch/mit_lieberman/projects/jsb_cuti/all_samples/AllSteps/Mapping,KIT_79F_MG4_D4,SepidermidisATCC12228,0
/scratch/mit_lieberman/projects/jsb_cuti/all_samples/AllSteps/Mapping,KIT_240C_MG4_E4,SepidermidisATCC12228,0
/scratch/mit_lieberman/projects/jsb_cuti/all_samples/AllSteps/Mapping,KIT_240K_MG4_F4,SepidermidisATCC12228,0
/scratch/mit_lieberman/projects/jsb_cuti/all_samples/AllSteps/Mapping,KIT_240N_MG4_G4,SepidermidisATCC12228,0
/scratch/mit_lieberman/projects/jsb_cuti/all_samples/AllSteps/Mapping,KIT_240F_MG4_H4,SepidermidisATCC12228,0
/scratch/mit_lieberman/projects/jsb_cuti/all_samples/AllSteps/Mapping,KIT_246C_MG4_A5,SepidermidisATCC12228,0
/scratch/mit_lieberman/projects/jsb_cuti/all_samples/AllSteps/Mapping,KIT_246K_MG4_B5,SepidermidisATCC12228,0
/scratch/mit_lieberman/projects/jsb_cuti/all_samples/AllSteps/Mapping,KIT_246N_MG4_C5,SepidermidisATCC12228,0
/scratch/mit_lieberman/projects/jsb_cuti/all_samples/AllSteps/Mapping,KIT_246F_MG4_D5,SepidermidisATCC12228,0
/scratch/mit_lieberman/projects/jsb_cuti/all_samples/AllSteps/Mapping,KIT_93C_MG4_E5,SepidermidisATCC12228,0
/scratch/mit_lieberman/projects/jsb_cuti/all_samples/AllSteps/Mapping,KIT_93K_MG4_F5,SepidermidisATCC12228,0
/scratch/mit_lieberman/projects/jsb_cuti/all_samples/AllSteps/Mapping,KIT_93N_MG4_G5,SepidermidisATCC12228,0
/scratch/mit_lieberman/projects/jsb_cuti/all_samples/AllSteps/Mapping,KIT_93F_MG4_H5,SepidermidisATCC12228,0
/scratch/mit_lieberman/projects/jsb_cuti/all_samples/AllSteps/Mapping,KIT_61C_MG4_A6,SepidermidisATCC12228,0
/scratch/mit_lieberman/projects/jsb_cuti/all_samples/AllSteps/Mapping,KIT_61K_MG4_B6,SepidermidisATCC12228,0
/scratch/mit_lieberman/projects/jsb_cuti/all_samples/AllSteps/Mapping,KIT_61N_MG4_C6,SepidermidisATCC12228,0
/scratch/mit_lieberman/projects/jsb_cuti/all_samples/AllSteps/Mapping,KIT_61F_MG4_D6,SepidermidisATCC12228,0
/scratch/mit_lieberman/projects/jsb_cuti/all_samples/AllSteps/Mapping,KIT_3C_MG4_E6,SepidermidisATCC12228,0
/scratch/mit_lieberman/projects/jsb_cuti/all_samples/AllSteps/Mapping,KIT_3K_MG4_F6,SepidermidisATCC12228,0
/scratch/mit_lieberman/projects/jsb_cuti/all_samples/AllSteps/Mapping,KIT_3N_MG4_G6,SepidermidisATCC12228,0
/scratch/mit_lieberman/projects/jsb_cuti/all_samples/AllSteps/Mapping,KIT_3F_MG4_H6,SepidermidisATCC12228,0
/scratch/mit_lieberman/projects/jsb_cuti/all_samples/AllSteps/Mapping,KIT_45C_MG4_A7,SepidermidisATCC12228,0
/scratch/mit_lieberman/projects/jsb_cuti/all_samples/AllSteps/Mapping,KIT_45K_MG4_B7,SepidermidisATCC12228,0
/scratch/mit_lieberman/projects/jsb_cuti/all_samples/AllSteps/Mapping,KIT_45N_MG4_C7,SepidermidisATCC12228,0
/scratch/mit_lieberman/projects/jsb_cuti/all_samples/AllSteps/Mapping,KIT_45F_MG4_D7,SepidermidisATCC12228,0
/scratch/mit_lieberman/projects/jsb_cuti/all_samples/AllSteps/Mapping,KIT_244C_MG4_E7,SepidermidisATCC12228,0
/scratch/mit_lieberman/projects/jsb_cuti/all_samples/AllSteps/Mapping,KIT_244K_MG4_F7,SepidermidisATCC12228,0
/scratch/mit_lieberman/projects/jsb_cuti/all_samples/AllSteps/Mapping,KIT_244N_MG4_G7,SepidermidisATCC12228,0
/scratch/mit_lieberman/projects/jsb_cuti/all_samples/AllSteps/Mapping,KIT_244F_MG4_H7,SepidermidisATCC12228,0
/scratch/mit_lieberman/projects/jsb_cuti/all_samples/AllSteps/Mapping,KIT_65C_MG4_A8,SepidermidisATCC12228,0
/scratch/mit_lieberman/projects/jsb_cuti/all_samples/AllSteps/Mapping,KIT_96K_MG4_B8,SepidermidisATCC12228,0
/scratch/mit_lieberman/projects/jsb_cuti/all_samples/AllSteps/Mapping,KIT_96N_MG4_C8,SepidermidisATCC12228,0
/scratch/mit_lieberman/projects/jsb_cuti/all_samples/AllSteps/Mapping,KIT_96F_MG4_D8,SepidermidisATCC12228,0
/scratch/mit_lieberman/projects/jsb_cuti/all_samples/AllSteps/Mapping,KIT_90C_MG4_E8,SepidermidisATCC12228,0
/scratch/mit_lieberman/projects/jsb_cuti/all_samples/AllSteps/Mapping,KIT_90K_MG4_F8,SepidermidisATCC12228,0
/scratch/mit_lieberman/projects/jsb_cuti/all_samples/AllSteps/Mapping,KIT_90N_MG4_G8,SepidermidisATCC12228,0
/scratch/mit_lieberman/projects/jsb_cuti/all_samples/AllSteps/Mapping,KIT_90F_MG4_H8,SepidermidisATCC12228,0
/scratch/mit_lieberman/projects/jsb_cuti/all_samples/AllSteps/Mapping,KIT_C2C2_MG4_A9,SepidermidisATCC12228,0
/scratch/mit_lieberman/projects/jsb_cuti/all_samples/AllSteps/Mapping,KIT_833C_MG4_B9,SepidermidisATCC12228,0
/scratch/mit_lieberman/projects/jsb_cuti/all_samples/AllSteps/Mapping,KIT_83K_MG4_C9,SepidermidisATCC12228,0
/scratch/mit_lieberman/projects/jsb_cuti/all_samples/AllSteps/Mapping,KIT_83N_MG4_D9,SepidermidisATCC12228,0
/scratch/mit_lieberman/projects/jsb_cuti/all_samples/AllSteps/Mapping,KIT_83F_MG4_E9,SepidermidisATCC12228,0
/scratch/mit_lieberman/projects/jsb_cuti/all_samples/AllSteps/Mapping,KIT_65C_MG4_F9,SepidermidisATCC12228,0
/scratch/mit_lieberman/projects/jsb_cuti/all_samples/AllSteps/Mapping,KIT_65K_MG4_G9,SepidermidisATCC12228,0
/scratch/mit_lieberman/projects/jsb_cuti/all_samples/AllSteps/Mapping,KIT_65N_MG4_H9,SepidermidisATCC12228,0
/scratch/mit_lieberman/projects/jsb_cuti/all_samples/AllSteps/Mapping,KIT_82C_MG4_A10,SepidermidisATCC12228,0
/scratch/mit_lieberman/projects/jsb_cuti/all_samples/AllSteps/Mapping,KIT_82K_MG4_B10,SepidermidisATCC12228,0
/scratch/mit_lieberman/projects/jsb_cuti/all_samples/AllSteps/Mapping,KIT_82N_MG4_C10,SepidermidisATCC12228,0
/scratch/mit_lieberman/projects/jsb_cuti/all_samples/AllSteps/Mapping,KIT_82F_MG4_D10,SepidermidisATCC12228,0
/scratch/mit_lieberman/projects/jsb_cuti/all_samples/AllSteps/Mapping,KIT_35C_MG4_E10,SepidermidisATCC12228,0
/scratch/mit_lieberman/projects/jsb_cuti/all_samples/AllSteps/Mapping,KIT_35K_MG4_F10,SepidermidisATCC12228,0
/scratch/mit_lieberman/projects/jsb_cuti/all_samples/AllSteps/Mapping,KIT_35N_MG4_G10,SepidermidisATCC12228,0
/scratch/mit_lieberman/projects/jsb_cuti/all_samples/AllSteps/Mapping,KIT_35F_MG4_H10,SepidermidisATCC12228,0
/scratch/mit_lieberman/projects/jsb_cuti/all_samples/AllSteps/Mapping,KIT_98C_MG4_A11,SepidermidisATCC12228,0
/scratch/mit_lieberman/projects/jsb_cuti/all_samples/AllSteps/Mapping,KIT_98K_MG4_B11,SepidermidisATCC12228,0
/scratch/mit_lieberman/projects/jsb_cuti/all_samples/AllSteps/Mapping,KIT_98N_MG4_C11,SepidermidisATCC12228,0
/scratch/mit_lieberman/projects/jsb_cuti/all_samples/AllSteps/Mapping,KIT_98F_MG4_D11,SepidermidisATCC12228,0
/scratch/mit_lieberman/projects/jsb_cuti/all_samples/AllSteps/Mapping,KIT_77C_MG4_E11,SepidermidisATCC12228,0
/scratch/mit_lieberman/projects/jsb_cuti/all_samples/AllSteps/Mapping,KIT_77K_MG4_F11,SepidermidisATCC12228,0
/scratch/mit_lieberman/projects/jsb_cuti/all_samples/AllSteps/Mapping,KIT_77N_MG4_G11,SepidermidisATCC12228,0
/scratch/mit_lieberman/projects/jsb_cuti/all_samples/AllSteps/Mapping,KIT_77F_MG4_H11,SepidermidisATCC12228,0
/scratch/mit_lieberman/projects/jsb_cuti/all_samples/AllSteps/Mapping,KIT_MOCK7_MG4_A12,SepidermidisATCC12228,0
/scratch/mit_lieberman/projects/jsb_cuti/all_samples/AllSteps/Mapping,KIT_MOCK4_MG4_B12,SepidermidisATCC12228,0
/scratch/mit_lieberman/projects/jsb_cuti/all_samples/AllSteps/Mapping,KIT_MOCK1_MG4_C12,SepidermidisATCC12228,0
/scratch/mit_lieberman/projects/jsb_cuti/all_samples/AllSteps/Mapping,KIT_CALE_MG4_D12,SepidermidisATCC12228,0
/scratch/mit_lieberman/projects/jsb_cuti/all_samples/AllSteps/Mapping,KIT_CALE_MG4_E12,SepidermidisATCC12228,0
/scratch/mit_lieberman/projects/jsb_cuti/all_samples/AllSteps/Mapping,KIT_CALE_MG4_F12,SepidermidisATCC12228,0
/scratch/mit_lieberman/projects/jsb_cuti/all_samples/AllSteps/Mapping,KIT_21C_MG4_G12,SepidermidisATCC12228,0
/scratch/mit_lieberman/projects/jsb_cuti/all_samples/AllSteps/Mapping,KIT_21K_MG4_H12,SepidermidisATCC12228,0
/scratch/mit_lieberman/projects/jsb_cuti/all_samples/AllSteps/Mapping,KIT_74C_MG5_A1,SepidermidisATCC12228,0
/scratch/mit_lieberman/projects/jsb_cuti/all_samples/AllSteps/Mapping,KIT_74K_MG5_B1,SepidermidisATCC12228,0
/scratch/mit_lieberman/projects/jsb_cuti/all_samples/AllSteps/Mapping,KIT_74N_MG5_C1,SepidermidisATCC12228,0
/scratch/mit_lieberman/projects/jsb_cuti/all_samples/AllSteps/Mapping,KIT_74F_MG5_D1,SepidermidisATCC12228,0
/scratch/mit_lieberman/projects/jsb_cuti/all_samples/AllSteps/Mapping,KIT_71C_MG5_E1,SepidermidisATCC12228,0
/scratch/mit_lieberman/projects/jsb_cuti/all_samples/AllSteps/Mapping,KIT_71K_MG5_F1,SepidermidisATCC12228,0
/scratch/mit_lieberman/projects/jsb_cuti/all_samples/AllSteps/Mapping,KIT_71N_MG5_G1,SepidermidisATCC12228,0
/scratch/mit_lieberman/projects/jsb_cuti/all_samples/AllSteps/Mapping,KIT_71F_MG5_H1,SepidermidisATCC12228,0
/scratch/mit_lieberman/projects/jsb_cuti/all_samples/AllSteps/Mapping,KIT_66C_MG5_A2,SepidermidisATCC12228,0
/scratch/mit_lieberman/projects/jsb_cuti/all_samples/AllSteps/Mapping,KIT_66K_MG5_B2,SepidermidisATCC12228,0
/scratch/mit_lieberman/projects/jsb_cuti/all_samples/AllSteps/Mapping,KIT_66N_MG5_C2,SepidermidisATCC12228,0
/scratch/mit_lieberman/projects/jsb_cuti/all_samples/AllSteps/Mapping,KIT_66F_MG5_D2,SepidermidisATCC12228,0
/scratch/mit_lieberman/projects/jsb_cuti/all_samples/AllSteps/Mapping,KIT_80C_MG5_E2,SepidermidisATCC12228,0
/scratch/mit_lieberman/projects/jsb_cuti/all_samples/AllSteps/Mapping,KIT_80K_MG5_F2,SepidermidisATCC12228,0
/scratch/mit_lieberman/projects/jsb_cuti/all_samples/AllSteps/Mapping,KIT_80N_MG5_G2,SepidermidisATCC12228,0
/scratch/mit_lieberman/projects/jsb_cuti/all_samples/AllSteps/Mapping,KIT_80F_MG5_H2,SepidermidisATCC12228,0
/scratch/mit_lieberman/projects/jsb_cuti/all_samples/AllSteps/Mapping,KIT_64C_MG5_A3,SepidermidisATCC12228,0
/scratch/mit_lieberman/projects/jsb_cuti/all_samples/AllSteps/Mapping,KIT_64K_MG5_B3,SepidermidisATCC12228,0
/scratch/mit_lieberman/projects/jsb_cuti/all_samples/AllSteps/Mapping,KIT_64N_MG5_C3,SepidermidisATCC12228,0
/scratch/mit_lieberman/projects/jsb_cuti/all_samples/AllSteps/Mapping,KIT_64F_MG5_D3,SepidermidisATCC12228,0
/scratch/mit_lieberman/projects/jsb_cuti/all_samples/AllSteps/Mapping,KIT_85C_MG5_E3,SepidermidisATCC12228,0
/scratch/mit_lieberman/projects/jsb_cuti/all_samples/AllSteps/Mapping,KIT_85K_MG5_F3,SepidermidisATCC12228,0
/scratch/mit_lieberman/projects/jsb_cuti/all_samples/AllSteps/Mapping,KIT_85N_MG5_G3,SepidermidisATCC12228,0
/scratch/mit_lieberman/projects/jsb_cuti/all_samples/AllSteps/Mapping,KIT_85F_MG5_H3,SepidermidisATCC12228,0
/scratch/mit_lieberman/projects/jsb_cuti/all_samples/AllSteps/Mapping,KIT_94C_MG5_A4,SepidermidisATCC12228,0
/scratch/mit_lieberman/projects/jsb_cuti/all_samples/AllSteps/Mapping,KIT_94K_MG5_B4,SepidermidisATCC12228,0
/scratch/mit_lieberman/projects/jsb_cuti/all_samples/AllSteps/Mapping,KIT_94N_MG5_C4,SepidermidisATCC12228,0
/scratch/mit_lieberman/projects/jsb_cuti/all_samples/AllSteps/Mapping,KIT_94F_MG5_D4,SepidermidisATCC12228,0
/scratch/mit_lieberman/projects/jsb_cuti/all_samples/AllSteps/Mapping,KIT_68C_MG5_E4,SepidermidisATCC12228,0
/scratch/mit_lieberman/projects/jsb_cuti/all_samples/AllSteps/Mapping,KIT_68K_MG5_F4,SepidermidisATCC12228,0
/scratch/mit_lieberman/projects/jsb_cuti/all_samples/AllSteps/Mapping,KIT_68N_MG5_G4,SepidermidisATCC12228,0
/scratch/mit_lieberman/projects/jsb_cuti/all_samples/AllSteps/Mapping,KIT_68F_MG5_H4,SepidermidisATCC12228,0
/scratch/mit_lieberman/projects/jsb_cuti/all_samples/AllSteps/Mapping,KIT_24C_MG5_A5,SepidermidisATCC12228,0
/scratch/mit_lieberman/projects/jsb_cuti/all_samples/AllSteps/Mapping,KIT_24K_MG5_B5,SepidermidisATCC12228,0
/scratch/mit_lieberman/projects/jsb_cuti/all_samples/AllSteps/Mapping,KIT_24N_MG5_C5,SepidermidisATCC12228,0
/scratch/mit_lieberman/projects/jsb_cuti/all_samples/AllSteps/Mapping,KIT_24F_MG5_D5,SepidermidisATCC12228,0
/scratch/mit_lieberman/projects/jsb_cuti/all_samples/AllSteps/Mapping,KIT_30C_MG5_E5,SepidermidisATCC12228,0
/scratch/mit_lieberman/projects/jsb_cuti/all_samples/AllSteps/Mapping,KIT_30K_MG5_F5,SepidermidisATCC12228,0
/scratch/mit_lieberman/projects/jsb_cuti/all_samples/AllSteps/Mapping,KIT_30N_MG5_G5,SepidermidisATCC12228,0
/scratch/mit_lieberman/projects/jsb_cuti/all_samples/AllSteps/Mapping,KIT_30F_MG5_H5,SepidermidisATCC12228,0
/scratch/mit_lieberman/projects/jsb_cuti/all_samples/AllSteps/Mapping,KIT_100C_MG5_A6,SepidermidisATCC12228,0
/scratch/mit_lieberman/projects/jsb_cuti/all_samples/AllSteps/Mapping,KIT_100K_MG5_B6,SepidermidisATCC12228,0
/scratch/mit_lieberman/projects/jsb_cuti/all_samples/AllSteps/Mapping,KIT_100N_MG5_C6,SepidermidisATCC12228,0
/scratch/mit_lieberman/projects/jsb_cuti/all_samples/AllSteps/Mapping,KIT_100F_MG5_D6,SepidermidisATCC12228,0
/scratch/mit_lieberman/projects/jsb_cuti/all_samples/AllSteps/Mapping,KIT_8C_MG5_E6,SepidermidisATCC12228,0
/scratch/mit_lieberman/projects/jsb_cuti/all_samples/AllSteps/Mapping,KIT_8K_MG5_F6,SepidermidisATCC12228,0
/scratch/mit_lieberman/projects/jsb_cuti/all_samples/AllSteps/Mapping,KIT_8N_MG5_G6,SepidermidisATCC12228,0
/scratch/mit_lieberman/projects/jsb_cuti/all_samples/AllSteps/Mapping,KIT_8F_MG5_H6,SepidermidisATCC12228,0
/scratch/mit_lieberman/projects/jsb_cuti/all_samples/AllSteps/Mapping,KIT_222K_MG5_A7,SepidermidisATCC12228,0
/scratch/mit_lieberman/projects/jsb_cuti/all_samples/AllSteps/Mapping,KIT_222N_MG5_B7,SepidermidisATCC12228,0
/scratch/mit_lieberman/projects/jsb_cuti/all_samples/AllSteps/Mapping,KIT_222F_MG5_C7,SepidermidisATCC12228,0
/scratch/mit_lieberman/projects/jsb_cuti/all_samples/AllSteps/Mapping,KIT_318A_MG5_D7,SepidermidisATCC12228,0
/scratch/mit_lieberman/projects/jsb_cuti/all_samples/AllSteps/Mapping,KIT_318C_MG5_E7,SepidermidisATCC12228,0
/scratch/mit_lieberman/projects/jsb_cuti/all_samples/AllSteps/Mapping,KIT_318K_MG5_F7,SepidermidisATCC12228,0
/scratch/mit_lieberman/projects/jsb_cuti/all_samples/AllSteps/Mapping,KIT_318N_MG5_G7,SepidermidisATCC12228,0
/scratch/mit_lieberman/projects/jsb_cuti/all_samples/AllSteps/Mapping,KIT_318F_MG5_H7,SepidermidisATCC12228,0
/scratch/mit_lieberman/projects/jsb_cuti/all_samples/AllSteps/Mapping,KIT_256F_MG5_A8,SepidermidisATCC12228,0
/scratch/mit_lieberman/projects/jsb_cuti/all_samples/AllSteps/Mapping,KIT_320A_MG5_B8,SepidermidisATCC12228,0
/scratch/mit_lieberman/projects/jsb_cuti/all_samples/AllSteps/Mapping,KIT_320C_MG5_C8,SepidermidisATCC12228,0
/scratch/mit_lieberman/projects/jsb_cuti/all_samples/AllSteps/Mapping,KIT_320K_MG5_D8,SepidermidisATCC12228,0
/scratch/mit_lieberman/projects/jsb_cuti/all_samples/AllSteps/Mapping,KIT_320N_MG5_E8,SepidermidisATCC12228,0
/scratch/mit_lieberman/projects/jsb_cuti/all_samples/AllSteps/Mapping,KIT_320F_MG5_F8,SepidermidisATCC12228,0
/scratch/mit_lieberman/projects/jsb_cuti/all_samples/AllSteps/Mapping,KIT_222A_MG5_G8,SepidermidisATCC12228,0
/scratch/mit_lieberman/projects/jsb_cuti/all_samples/AllSteps/Mapping,KIT_222C_MG5_H8,SepidermidisATCC12228,0
/scratch/mit_lieberman/projects/jsb_cuti/all_samples/AllSteps/Mapping,KIT_306A_MG5_A9,SepidermidisATCC12228,0
/scratch/mit_lieberman/projects/jsb_cuti/all_samples/AllSteps/Mapping,KIT_306C_MG5_B9,SepidermidisATCC12228,0
/scratch/mit_lieberman/projects/jsb_cuti/all_samples/AllSteps/Mapping,KIT_306K_MG5_C9,SepidermidisATCC12228,0
/scratch/mit_lieberman/projects/jsb_cuti/all_samples/AllSteps/Mapping,KIT_306N_MG5_D9,SepidermidisATCC12228,0
/scratch/mit_lieberman/projects/jsb_cuti/all_samples/AllSteps/Mapping,KIT_306F_MG5_E9,SepidermidisATCC12228,0
/scratch/mit_lieberman/projects/jsb_cuti/all_samples/AllSteps/Mapping,KIT_256C_MG5_F9,SepidermidisATCC12228,0
/scratch/mit_lieberman/projects/jsb_cuti/all_samples/AllSteps/Mapping,KIT_256K_MG5_G9,SepidermidisATCC12228,0
/scratch/mit_lieberman/projects/jsb_cuti/all_samples/AllSteps/Mapping,KIT_256N_MG5_H9,SepidermidisATCC12228,0
/scratch/mit_lieberman/projects/jsb_cuti/all_samples/AllSteps/Mapping,KIT_319K_MG5_A10,SepidermidisATCC12228,0
/scratch/mit_lieberman/projects/jsb_cuti/all_samples/AllSteps/Mapping,KIT_319N_MG5_B10,SepidermidisATCC12228,0
/scratch/mit_lieberman/projects/jsb_cuti/all_samples/AllSteps/Mapping,KIT_319F_MG5_C10,SepidermidisATCC12228,0
/scratch/mit_lieberman/projects/jsb_cuti/all_samples/AllSteps/Mapping,KIT_314A_MG5_D10,SepidermidisATCC12228,0
/scratch/mit_lieberman/projects/jsb_cuti/all_samples/AllSteps/Mapping,KIT_314C_MG5_E10,SepidermidisATCC12228,0
/scratch/mit_lieberman/projects/jsb_cuti/all_samples/AllSteps/Mapping,KIT_314K_MG5_F10,SepidermidisATCC12228,0
/scratch/mit_lieberman/projects/jsb_cuti/all_samples/AllSteps/Mapping,KIT_314N_MG5_G10,SepidermidisATCC12228,0
/scratch/mit_lieberman/projects/jsb_cuti/all_samples/AllSteps/Mapping,KIT_314F_MG5_H10,SepidermidisATCC12228,0
/scratch/mit_lieberman/projects/jsb_cuti/all_samples/AllSteps/Mapping,KIT_261F_MG5_A11,SepidermidisATCC12228,0
/scratch/mit_lieberman/projects/jsb_cuti/all_samples/AllSteps/Mapping,KIT_317A_MG5_B11,SepidermidisATCC12228,0
/scratch/mit_lieberman/projects/jsb_cuti/all_samples/AllSteps/Mapping,KIT_317C_MG5_C11,SepidermidisATCC12228,0
/scratch/mit_lieberman/projects/jsb_cuti/all_samples/AllSteps/Mapping,KIT_317K_MG5_D11,SepidermidisATCC12228,0
/scratch/mit_lieberman/projects/jsb_cuti/all_samples/AllSteps/Mapping,KIT_317N_MG5_E11,SepidermidisATCC12228,0
/scratch/mit_lieberman/projects/jsb_cuti/all_samples/AllSteps/Mapping,KIT_317F_MG5_F11,SepidermidisATCC12228,0
/scratch/mit_lieberman/projects/jsb_cuti/all_samples/AllSteps/Mapping,KIT_319A_MG5_G11,SepidermidisATCC12228,0
/scratch/mit_lieberman/projects/jsb_cuti/all_samples/AllSteps/Mapping,KIT_319C_MG5_H11,SepidermidisATCC12228,0
/scratch/mit_lieberman/projects/jsb_cuti/all_samples/AllSteps/Mapping,KIT_225C_MG5_A12,SepidermidisATCC12228,0
/scratch/mit_lieberman/projects/jsb_cuti/all_samples/AllSteps/Mapping,KIT_225K_MG5_B12,SepidermidisATCC12228,0
/scratch/mit_lieberman/projects/jsb_cuti/all_samples/AllSteps/Mapping,KIT_225N_MG5_C12,SepidermidisATCC12228,0
/scratch/mit_lieberman/projects/jsb_cuti/all_samples/AllSteps/Mapping,KIT_225F_MG5_D12,SepidermidisATCC12228,0
/scratch/mit_lieberman/projects/jsb_cuti/all_samples/AllSteps/Mapping,KIT_261A_MG5_E12,SepidermidisATCC12228,0
/scratch/mit_lieberman/projects/jsb_cuti/all_samples/AllSteps/Mapping,KIT_261C_MG5_F12,SepidermidisATCC12228,0
/scratch/mit_lieberman/projects/jsb_cuti/all_samples/AllSteps/Mapping,KIT_261K_MG5_G12,SepidermidisATCC12228,0
/scratch/mit_lieberman/projects/jsb_cuti/all_samples/AllSteps/Mapping,KIT_261N_MG5_H12,SepidermidisATCC12228,0
/scratch/mit_lieberman/projects/jsb_cuti/all_samples/AllSteps/Mapping,KIT_311K_MG6_B1,SepidermidisATCC12228,0
/scratch/mit_lieberman/projects/jsb_cuti/all_samples/AllSteps/Mapping,KIT_311N_MG6_C1,SepidermidisATCC12228,0
/scratch/mit_lieberman/projects/jsb_cuti/all_samples/AllSteps/Mapping,KIT_311F_MG6_D1,SepidermidisATCC12228,0
/scratch/mit_lieberman/projects/jsb_cuti/all_samples/AllSteps/Mapping,KIT_210C_MG6_E1,SepidermidisATCC12228,0
/scratch/mit_lieberman/projects/jsb_cuti/all_samples/AllSteps/Mapping,KIT_210K_MG6_F1,SepidermidisATCC12228,0
/scratch/mit_lieberman/projects/jsb_cuti/all_samples/AllSteps/Mapping,KIT_210N_MG6_G1,SepidermidisATCC12228,0
/scratch/mit_lieberman/projects/jsb_cuti/all_samples/AllSteps/Mapping,KIT_210F_MG6_H1,SepidermidisATCC12228,0
/scratch/mit_lieberman/projects/jsb_cuti/all_samples/AllSteps/Mapping,KIT_225A_MG6_B2,SepidermidisATCC12228,0
/scratch/mit_lieberman/projects/jsb_cuti/all_samples/AllSteps/Mapping,KIT_311A_MG6_C2,SepidermidisATCC12228,0
/scratch/mit_lieberman/projects/jsb_cuti/all_samples/AllSteps/Mapping,KIT_216A_MG6_D2,SepidermidisATCC12228,0
/scratch/mit_lieberman/projects/jsb_cuti/all_samples/AllSteps/Mapping,KIT_216C_MG6_E2,SepidermidisATCC12228,0
/scratch/mit_lieberman/projects/jsb_cuti/all_samples/AllSteps/Mapping,KIT_216K_MG6_F2,SepidermidisATCC12228,0
/scratch/mit_lieberman/projects/jsb_cuti/all_samples/AllSteps/Mapping,KIT_216N_MG6_G2,SepidermidisATCC12228,0
/scratch/mit_lieberman/projects/jsb_cuti/all_samples/AllSteps/Mapping,KIT_216F_MG6_H2,SepidermidisATCC12228,0
/scratch/mit_lieberman/projects/jsb_cuti/all_samples/AllSteps/Mapping,KIT_MOCK6_MG6_B3,SepidermidisATCC12228,0
/scratch/mit_lieberman/projects/jsb_cuti/all_samples/AllSteps/Mapping,KIT_MOCK5_MG6_C3,SepidermidisATCC12228,0
/scratch/mit_lieberman/projects/jsb_cuti/all_samples/AllSteps/Mapping,KIT_BLANK_MG6_D3,SepidermidisATCC12228,0
/scratch/mit_lieberman/projects/jsb_cuti/all_samples/AllSteps/Mapping,KIT_BLANK_MG6_E3,SepidermidisATCC12228,0
/scratch/mit_lieberman/projects/jsb_cuti/all_samples/AllSteps/Mapping,KIT_BLANK_MG6_F3,SepidermidisATCC12228,0
/scratch/mit_lieberman/projects/jsb_cuti/all_samples/AllSteps/Mapping,KIT_BLANK_MG6_G3,SepidermidisATCC12228,0
/scratch/mit_lieberman/projects/jsb_cuti/all_samples/AllSteps/Mapping,KIT_210A_MG6_H3,SepidermidisATCC12228,0
/scratch/mit_lieberman/projects/jsb_cuti/all_samples/AllSteps/Mapping,KIT_7K_MG6_B4,SepidermidisATCC12228,0
/scratch/mit_lieberman/projects/jsb_cuti/all_samples/AllSteps/Mapping,KIT_7N_MG6_C4,SepidermidisATCC12228,0
/scratch/mit_lieberman/projects/jsb_cuti/all_samples/AllSteps/Mapping,KIT_7F_MG6_D4,SepidermidisATCC12228,0
/scratch/mit_lieberman/projects/jsb_cuti/all_samples/AllSteps/Mapping,KIT_235C_MG6_E4,SepidermidisATCC12228,0
/scratch/mit_lieberman/projects/jsb_cuti/all_samples/AllSteps/Mapping,KIT_235K_MG6_F4,SepidermidisATCC12228,0
/scratch/mit_lieberman/projects/jsb_cuti/all_samples/AllSteps/Mapping,KIT_235N_MG6_G4,SepidermidisATCC12228,0
/scratch/mit_lieberman/projects/jsb_cuti/all_samples/AllSteps/Mapping,KIT_235F_MG6_H4,SepidermidisATCC12228,0
/scratch/mit_lieberman/projects/jsb_cuti/all_samples/AllSteps/Mapping,KIT_10K_MG6_B5,SepidermidisATCC12228,0
/scratch/mit_lieberman/projects/jsb_cuti/all_samples/AllSteps/Mapping,KIT_10N_MG6_C5,SepidermidisATCC12228,0
/scratch/mit_lieberman/projects/jsb_cuti/all_samples/AllSteps/Mapping,KIT_10F_MG6_D5,SepidermidisATCC12228,0
/scratch/mit_lieberman/projects/jsb_cuti/all_samples/AllSteps/Mapping,KIT_81C_MG6_E5,SepidermidisATCC12228,0
/scratch/mit_lieberman/projects/jsb_cuti/all_samples/AllSteps/Mapping,KIT_81K_MG6_F5,SepidermidisATCC12228,0
/scratch/mit_lieberman/projects/jsb_cuti/all_samples/AllSteps/Mapping,KIT_81N_MG6_G5,SepidermidisATCC12228,0
/scratch/mit_lieberman/projects/jsb_cuti/all_samples/AllSteps/Mapping,KIT_81F_MG6_H5,SepidermidisATCC12228,0
/scratch/mit_lieberman/projects/jsb_cuti/all_samples/AllSteps/Mapping,KIT_26K_MG6_B6,SepidermidisATCC12228,0
/scratch/mit_lieberman/projects/jsb_cuti/all_samples/AllSteps/Mapping,KIT_26N_MG6_C6,SepidermidisATCC12228,0
/scratch/mit_lieberman/projects/jsb_cuti/all_samples/AllSteps/Mapping,KIT_26F_MG6_D6,SepidermidisATCC12228,0
/scratch/mit_lieberman/projects/jsb_cuti/all_samples/AllSteps/Mapping,KIT_18C_MG6_E6,SepidermidisATCC12228,0
/scratch/mit_lieberman/projects/jsb_cuti/all_samples/AllSteps/Mapping,KIT_18K_MG6_F6,SepidermidisATCC12228,0
/scratch/mit_lieberman/projects/jsb_cuti/all_samples/AllSteps/Mapping,KIT_18N_MG6_G6,SepidermidisATCC12228,0
/scratch/mit_lieberman/projects/jsb_cuti/all_samples/AllSteps/Mapping,KIT_18F_MG6_H6,SepidermidisATCC12228,0
/scratch/mit_lieberman/projects/jsb_cuti/all_samples/AllSteps/Mapping,KIT_36K_MG6_B7,SepidermidisATCC12228,0
/scratch/mit_lieberman/projects/jsb_cuti/all_samples/AllSteps/Mapping,KIT_36N_MG6_C7,SepidermidisATCC12228,0
/scratch/mit_lieberman/projects/jsb_cuti/all_samples/AllSteps/Mapping,KIT_36F_MG6_D7,SepidermidisATCC12228,0
/scratch/mit_lieberman/projects/jsb_cuti/all_samples/AllSteps/Mapping,KIT_43C_MG6_E7,SepidermidisATCC12228,0
/scratch/mit_lieberman/projects/jsb_cuti/all_samples/AllSteps/Mapping,KIT_43K_MG6_F7,SepidermidisATCC12228,0
/scratch/mit_lieberman/projects/jsb_cuti/all_samples/AllSteps/Mapping,KIT_43N_MG6_G7,SepidermidisATCC12228,0
/scratch/mit_lieberman/projects/jsb_cuti/all_samples/AllSteps/Mapping,KIT_43F_MG6_H7,SepidermidisATCC12228,0
/scratch/mit_lieberman/projects/jsb_cuti/all_samples/AllSteps/Mapping,KIT_51K_MG6_B8,SepidermidisATCC12228,0
/scratch/mit_lieberman/projects/jsb_cuti/all_samples/AllSteps/Mapping,KIT_51N_MG6_C8,SepidermidisATCC12228,0
/scratch/mit_lieberman/projects/jsb_cuti/all_samples/AllSteps/Mapping,KIT_51F_MG6_D8,SepidermidisATCC12228,0
/scratch/mit_lieberman/projects/jsb_cuti/all_samples/AllSteps/Mapping,KIT_44C_MG6_E8,SepidermidisATCC12228,0
/scratch/mit_lieberman/projects/jsb_cuti/all_samples/AllSteps/Mapping,KIT_44K_MG6_F8,SepidermidisATCC12228,0
/scratch/mit_lieberman/projects/jsb_cuti/all_samples/AllSteps/Mapping,KIT_44N_MG6_G8,SepidermidisATCC12228,0
/scratch/mit_lieberman/projects/jsb_cuti/all_samples/AllSteps/Mapping,KIT_44F_MG6_H8,SepidermidisATCC12228,0
/scratch/mit_lieberman/projects/jsb_cuti/all_samples/AllSteps/Mapping,KIT_32K_MG6_B9,SepidermidisATCC12228,0
/scratch/mit_lieberman/projects/jsb_cuti/all_samples/AllSteps/Mapping,KIT_32N_MG6_C9,SepidermidisATCC12228,0
/scratch/mit_lieberman/projects/jsb_cuti/all_samples/AllSteps/Mapping,KIT_32F_MG6_D9,SepidermidisATCC12228,0
/scratch/mit_lieberman/projects/jsb_cuti/all_samples/AllSteps/Mapping,KIT_22C_MG6_E9,SepidermidisATCC12228,0
/scratch/mit_lieberman/projects/jsb_cuti/all_samples/AllSteps/Mapping,KIT_22K_MG6_F9,SepidermidisATCC12228,0
/scratch/mit_lieberman/projects/jsb_cuti/all_samples/AllSteps/Mapping,KIT_22N_MG6_G9,SepidermidisATCC12228,0
/scratch/mit_lieberman/projects/jsb_cuti/all_samples/AllSteps/Mapping,KIT_22F_MG6_H9,SepidermidisATCC12228,0
/scratch/mit_lieberman/projects/jsb_cuti/all_samples/AllSteps/Mapping,KIT_19K_MG6_B10,SepidermidisATCC12228,0
/scratch/mit_lieberman/projects/jsb_cuti/all_samples/AllSteps/Mapping,KIT_19N_MG6_C10,SepidermidisATCC12228,0
/scratch/mit_lieberman/projects/jsb_cuti/all_samples/AllSteps/Mapping,KIT_19F_MG6_D10,SepidermidisATCC12228,0
/scratch/mit_lieberman/projects/jsb_cuti/all_samples/AllSteps/Mapping,KIT_27C_MG6_E10,SepidermidisATCC12228,0
/scratch/mit_lieberman/projects/jsb_cuti/all_samples/AllSteps/Mapping,KIT_27K_MG6_F10,SepidermidisATCC12228,0
/scratch/mit_lieberman/projects/jsb_cuti/all_samples/AllSteps/Mapping,KIT_27N_MG6_G10,SepidermidisATCC12228,0
/scratch/mit_lieberman/projects/jsb_cuti/all_samples/AllSteps/Mapping,KIT_27F_MG6_H10,SepidermidisATCC12228,0
/scratch/mit_lieberman/projects/jsb_cuti/all_samples/AllSteps/Mapping,KIT_25K_MG6_B11,SepidermidisATCC12228,0
/scratch/mit_lieberman/projects/jsb_cuti/all_samples/AllSteps/Mapping,KIT_25N_MG6_C11,SepidermidisATCC12228,0
/scratch/mit_lieberman/projects/jsb_cuti/all_samples/AllSteps/Mapping,KIT_25F_MG6_D11,SepidermidisATCC12228,0
/scratch/mit_lieberman/projects/jsb_cuti/all_samples/AllSteps/Mapping,KIT_2C_MG6_E11,SepidermidisATCC12228,0
/scratch/mit_lieberman/projects/jsb_cuti/all_samples/AllSteps/Mapping,KIT_2K_MG6_F11,SepidermidisATCC12228,0
/scratch/mit_lieberman/projects/jsb_cuti/all_samples/AllSteps/Mapping,KIT_2N_MG6_G11,SepidermidisATCC12228,0
/scratch/mit_lieberman/projects/jsb_cuti/all_samples/AllSteps/Mapping,KIT_2F_MG6_H11,SepidermidisATCC12228,0
/scratch/mit_lieberman/projects/jsb_cuti/all_samples/AllSteps/Mapping,KIT_39K_MG6_B12,SepidermidisATCC12228,0
/scratch/mit_lieberman/projects/jsb_cuti/all_samples/AllSteps/Mapping,KIT_39N_MG6_C12,SepidermidisATCC12228,0
/scratch/mit_lieberman/projects/jsb_cuti/all_samples/AllSteps/Mapping,KIT_39F_MG6_D12,SepidermidisATCC12228,0
/scratch/mit_lieberman/projects/jsb_cuti/all_samples/AllSteps/Mapping,KIT_4C_MG6_E12,SepidermidisATCC12228,0
/scratch/mit_lieberman/projects/jsb_cuti/all_samples/AllSteps/Mapping,KIT_4K_MG6_F12,SepidermidisATCC12228,0
/scratch/mit_lieberman/projects/jsb_cuti/all_samples/AllSteps/Mapping,KIT_4N_MG6_G12,SepidermidisATCC12228,0
/scratch/mit_lieberman/projects/jsb_cuti/all_samples/AllSteps/Mapping,KIT_4F_MG6_H12,SepidermidisATCC12228,0
/scratch/mit_lieberman/projects/jsb_cuti/all_samples/AllSteps/Mapping,KIT_78C_MG7_A1,SepidermidisATCC12228,0
/scratch/mit_lieberman/projects/jsb_cuti/all_samples/AllSteps/Mapping,KIT_78K_MG7_B1,SepidermidisATCC12228,0
/scratch/mit_lieberman/projects/jsb_cuti/all_samples/AllSteps/Mapping,KIT_78N_MG7_C1,SepidermidisATCC12228,0
/scratch/mit_lieberman/projects/jsb_cuti/all_samples/AllSteps/Mapping,KIT_98C_MG7_E1,SepidermidisATCC12228,0
/scratch/mit_lieberman/projects/jsb_cuti/all_samples/AllSteps/Mapping,KIT_98K_MG7_F1,SepidermidisATCC12228,0
/scratch/mit_lieberman/projects/jsb_cuti/all_samples/AllSteps/Mapping,KIT_98N_MG7_G1,SepidermidisATCC12228,0
/scratch/mit_lieberman/projects/jsb_cuti/all_samples/AllSteps/Mapping,KIT_98F_MG7_H1,SepidermidisATCC12228,0
/scratch/mit_lieberman/projects/jsb_cuti/all_samples/AllSteps/Mapping,KIT_12C_MG7_A2,SepidermidisATCC12228,0
/scratch/mit_lieberman/projects/jsb_cuti/all_samples/AllSteps/Mapping,KIT_12K_MG7_B2,SepidermidisATCC12228,0
/scratch/mit_lieberman/projects/jsb_cuti/all_samples/AllSteps/Mapping,KIT_12N_MG7_C2,SepidermidisATCC12228,0
/scratch/mit_lieberman/projects/jsb_cuti/all_samples/AllSteps/Mapping,KIT_99C_MG7_E2,SepidermidisATCC12228,0
/scratch/mit_lieberman/projects/jsb_cuti/all_samples/AllSteps/Mapping,KIT_99K_MG7_F2,SepidermidisATCC12228,0
/scratch/mit_lieberman/projects/jsb_cuti/all_samples/AllSteps/Mapping,KIT_99N_MG7_G2,SepidermidisATCC12228,0
/scratch/mit_lieberman/projects/jsb_cuti/all_samples/AllSteps/Mapping,KIT_99F_MG7_H2,SepidermidisATCC12228,0
/scratch/mit_lieberman/projects/jsb_cuti/all_samples/AllSteps/Mapping,KIT_253C_MG7_A3,SepidermidisATCC12228,0
/scratch/mit_lieberman/projects/jsb_cuti/all_samples/AllSteps/Mapping,KIT_253K_MG7_B3,SepidermidisATCC12228,0
/scratch/mit_lieberman/projects/jsb_cuti/all_samples/AllSteps/Mapping,KIT_253N_MG7_C3,SepidermidisATCC12228,0
/scratch/mit_lieberman/projects/jsb_cuti/all_samples/AllSteps/Mapping,KIT_91C_MG7_E3,SepidermidisATCC12228,0
/scratch/mit_lieberman/projects/jsb_cuti/all_samples/AllSteps/Mapping,KIT_91K_MG7_F3,SepidermidisATCC12228,0
/scratch/mit_lieberman/projects/jsb_cuti/all_samples/AllSteps/Mapping,KIT_91N_MG7_G3,SepidermidisATCC12228,0
/scratch/mit_lieberman/projects/jsb_cuti/all_samples/AllSteps/Mapping,KIT_91F_MG7_H3,SepidermidisATCC12228,0
/scratch/mit_lieberman/projects/jsb_cuti/all_samples/AllSteps/Mapping,KIT_227C_MG7_A4,SepidermidisATCC12228,0
/scratch/mit_lieberman/projects/jsb_cuti/all_samples/AllSteps/Mapping,KIT_227K_MG7_B4,SepidermidisATCC12228,0
/scratch/mit_lieberman/projects/jsb_cuti/all_samples/AllSteps/Mapping,KIT_227N_MG7_C4,SepidermidisATCC12228,0
/scratch/mit_lieberman/projects/jsb_cuti/all_samples/AllSteps/Mapping,KIT_97C_MG7_E4,SepidermidisATCC12228,0
/scratch/mit_lieberman/projects/jsb_cuti/all_samples/AllSteps/Mapping,KIT_97K_MG7_F4,SepidermidisATCC12228,0
/scratch/mit_lieberman/projects/jsb_cuti/all_samples/AllSteps/Mapping,KIT_97N_MG7_G4,SepidermidisATCC12228,0
/scratch/mit_lieberman/projects/jsb_cuti/all_samples/AllSteps/Mapping,KIT_97F_MG7_H4,SepidermidisATCC12228,0
/scratch/mit_lieberman/projects/jsb_cuti/all_samples/AllSteps/Mapping,KIT_212C_MG7_A5,SepidermidisATCC12228,0
/scratch/mit_lieberman/projects/jsb_cuti/all_samples/AllSteps/Mapping,KIT_212K_MG7_B5,SepidermidisATCC12228,0
/scratch/mit_lieberman/projects/jsb_cuti/all_samples/AllSteps/Mapping,KIT_212N_MG7_C5,SepidermidisATCC12228,0
/scratch/mit_lieberman/projects/jsb_cuti/all_samples/AllSteps/Mapping,KIT_23C_MG7_E5,SepidermidisATCC12228,0
/scratch/mit_lieberman/projects/jsb_cuti/all_samples/AllSteps/Mapping,KIT_23K_MG7_F5,SepidermidisATCC12228,0
/scratch/mit_lieberman/projects/jsb_cuti/all_samples/AllSteps/Mapping,KIT_23N_MG7_G5,SepidermidisATCC12228,0
/scratch/mit_lieberman/projects/jsb_cuti/all_samples/AllSteps/Mapping,KIT_23F_MG7_H5,SepidermidisATCC12228,0
/scratch/mit_lieberman/projects/jsb_cuti/all_samples/AllSteps/Mapping,KIT_34C_MG7_A6,SepidermidisATCC12228,0
/scratch/mit_lieberman/projects/jsb_cuti/all_samples/AllSteps/Mapping,KIT_34K_MG7_B6,SepidermidisATCC12228,0
/scratch/mit_lieberman/projects/jsb_cuti/all_samples/AllSteps/Mapping,KIT_34N_MG7_C6,SepidermidisATCC12228,0
/scratch/mit_lieberman/projects/jsb_cuti/all_samples/AllSteps/Mapping,KIT_86C_MG7_E6,SepidermidisATCC12228,0
/scratch/mit_lieberman/projects/jsb_cuti/all_samples/AllSteps/Mapping,KIT_86K_MG7_F6,SepidermidisATCC12228,0
/scratch/mit_lieberman/projects/jsb_cuti/all_samples/AllSteps/Mapping,KIT_86N_MG7_G6,SepidermidisATCC12228,0
/scratch/mit_lieberman/projects/jsb_cuti/all_samples/AllSteps/Mapping,KIT_86F_MG7_H6,SepidermidisATCC12228,0
/scratch/mit_lieberman/projects/jsb_cuti/all_samples/AllSteps/Mapping,KIT_57C_MG7_A7,SepidermidisATCC12228,0
/scratch/mit_lieberman/projects/jsb_cuti/all_samples/AllSteps/Mapping,KIT_57K_MG7_B7,SepidermidisATCC12228,0
/scratch/mit_lieberman/projects/jsb_cuti/all_samples/AllSteps/Mapping,KIT_57N_MG7_C7,SepidermidisATCC12228,0
/scratch/mit_lieberman/projects/jsb_cuti/all_samples/AllSteps/Mapping,KIT_238C_MG7_E7,SepidermidisATCC12228,0
/scratch/mit_lieberman/projects/jsb_cuti/all_samples/AllSteps/Mapping,KIT_238K_MG7_F7,SepidermidisATCC12228,0
/scratch/mit_lieberman/projects/jsb_cuti/all_samples/AllSteps/Mapping,KIT_238N_MG7_G7,SepidermidisATCC12228,0
/scratch/mit_lieberman/projects/jsb_cuti/all_samples/AllSteps/Mapping,KIT_238F_MG7_H7,SepidermidisATCC12228,0
/scratch/mit_lieberman/projects/jsb_cuti/all_samples/AllSteps/Mapping,KIT_35C_MG7_A8,SepidermidisATCC12228,0
/scratch/mit_lieberman/projects/jsb_cuti/all_samples/AllSteps/Mapping,KIT_35K_MG7_B8,SepidermidisATCC12228,0
/scratch/mit_lieberman/projects/jsb_cuti/all_samples/AllSteps/Mapping,KIT_35N_MG7_C8,SepidermidisATCC12228,0
/scratch/mit_lieberman/projects/jsb_cuti/all_samples/AllSteps/Mapping,KIT_229C_MG7_E8,SepidermidisATCC12228,0
/scratch/mit_lieberman/projects/jsb_cuti/all_samples/AllSteps/Mapping,KIT_229K_MG7_F8,SepidermidisATCC12228,0
/scratch/mit_lieberman/projects/jsb_cuti/all_samples/AllSteps/Mapping,KIT_229N_MG7_G8,SepidermidisATCC12228,0
/scratch/mit_lieberman/projects/jsb_cuti/all_samples/AllSteps/Mapping,KIT_229F_MG7_H8,SepidermidisATCC12228,0
/scratch/mit_lieberman/projects/jsb_cuti/all_samples/AllSteps/Mapping,KIT_77C_MG7_A9,SepidermidisATCC12228,0
/scratch/mit_lieberman/projects/jsb_cuti/all_samples/AllSteps/Mapping,KIT_77K_MG7_B9,SepidermidisATCC12228,0
/scratch/mit_lieberman/projects/jsb_cuti/all_samples/AllSteps/Mapping,KIT_77N_MG7_C9,SepidermidisATCC12228,0
/scratch/mit_lieberman/projects/jsb_cuti/all_samples/AllSteps/Mapping,KIT_214C_MG7_E9,SepidermidisATCC12228,0
/scratch/mit_lieberman/projects/jsb_cuti/all_samples/AllSteps/Mapping,KIT_214K_MG7_F9,SepidermidisATCC12228,0
/scratch/mit_lieberman/projects/jsb_cuti/all_samples/AllSteps/Mapping,KIT_214N_MG7_G9,SepidermidisATCC12228,0
/scratch/mit_lieberman/projects/jsb_cuti/all_samples/AllSteps/Mapping,KIT_214F_MG7_H9,SepidermidisATCC12228,0
/scratch/mit_lieberman/projects/jsb_cuti/all_samples/AllSteps/Mapping,KIT_89C_MG7_A10,SepidermidisATCC12228,0
/scratch/mit_lieberman/projects/jsb_cuti/all_samples/AllSteps/Mapping,KIT_89K_MG7_B10,SepidermidisATCC12228,0
/scratch/mit_lieberman/projects/jsb_cuti/all_samples/AllSteps/Mapping,KIT_89N_MG7_C10,SepidermidisATCC12228,0
/scratch/mit_lieberman/projects/jsb_cuti/all_samples/AllSteps/Mapping,KIT_82C_MG7_E10,SepidermidisATCC12228,0
/scratch/mit_lieberman/projects/jsb_cuti/all_samples/AllSteps/Mapping,KIT_82K_MG7_F10,SepidermidisATCC12228,0
/scratch/mit_lieberman/projects/jsb_cuti/all_samples/AllSteps/Mapping,KIT_82N_MG7_G10,SepidermidisATCC12228,0
/scratch/mit_lieberman/projects/jsb_cuti/all_samples/AllSteps/Mapping,KIT_82F_MG7_H10,SepidermidisATCC12228,0
/scratch/mit_lieberman/projects/jsb_cuti/all_samples/AllSteps/Mapping,KIT_NEGCONTROL_MG7_A11,SepidermidisATCC12228,0
/scratch/mit_lieberman/projects/jsb_cuti/all_samples/AllSteps/Mapping,KIT_MOCK7_MG7_B11,SepidermidisATCC12228,0
/scratch/mit_lieberman/projects/jsb_cuti/all_samples/AllSteps/Mapping,KIT_MOCK6_MG7_C11,SepidermidisATCC12228,0
/scratch/mit_lieberman/projects/jsb_cuti/all_samples/AllSteps/Mapping,KIT_MOCK4_MG7_E11,SepidermidisATCC12228,0
/scratch/mit_lieberman/projects/jsb_cuti/all_samples/AllSteps/Mapping,KIT_MOCK3_MG7_F11,SepidermidisATCC12228,0
/scratch/mit_lieberman/projects/jsb_cuti/all_samples/AllSteps/Mapping,KIT_MOCK2_MG7_G11,SepidermidisATCC12228,0
/scratch/mit_lieberman/projects/jsb_cuti/all_samples/AllSteps/Mapping,KIT_MOCK1_MG7_H11,SepidermidisATCC12228,0
/scratch/mit_lieberman/projects/jsb_cuti/all_samples/AllSteps/Mapping,KIT_239C_MG7_A12,SepidermidisATCC12228,0
/scratch/mit_lieberman/projects/jsb_cuti/all_samples/AllSteps/Mapping,KIT_239K_MG7_B12,SepidermidisATCC12228,0
/scratch/mit_lieberman/projects/jsb_cuti/all_samples/AllSteps/Mapping,KIT_239N_MG7_C12,SepidermidisATCC12228,0
/scratch/mit_lieberman/projects/jsb_cuti/all_samples/AllSteps/Mapping,KIT_211C_MG7_E12,SepidermidisATCC12228,0
/scratch/mit_lieberman/projects/jsb_cuti/all_samples/AllSteps/Mapping,KIT_211K_MG7_F12,SepidermidisATCC12228,0
/scratch/mit_lieberman/projects/jsb_cuti/all_samples/AllSteps/Mapping,KIT_211N_MG7_G12,SepidermidisATCC12228,0
/scratch/mit_lieberman/projects/jsb_cuti/all_samples/AllSteps/Mapping,KIT_211F_MG7_H12,SepidermidisATCC12228,0